SIRFER TCEA-IRMS-HO,,,,,,,,
Job #24- 215.1,,,Analyst:,,Suvankar Chakraborty,,,
Primary reference 1 (PLRM-1):  ,,DS,Primary reference 2 (PLRM-2): ,,ORX,,,
Secondary reference (SLRM): ,,POW,Wt% standard:,,,,,
Date loaded:,,,Date analyzed:,,6/02/2024,,,
SIRFER #,Original ID,d2HVSMOW (‰),d18OVSMOW (‰),Wt% H,Wt% O,%O:%H ratio,ID on envelope,Other sample notes
,1,-115,7.1,5.7,21.5,3.8,1422-02211,Secondary
,2,-121,7.4,5.5,20.1,3.6,1422-02211,Rectrix
,3,-62,9.8,5.5,22.8,4.2,1422-02211,Breast
,4,-52,10.7,5.1,20.1,3.9,1422-02211,Nape
,5,-90,21.0,6.0,21.6,3.6,1422-02212,Secondary
,6,-44,12.6,5.4,21.4,3.9,1422-02212,Rectrix
,7,-46,12.1,5.5,22.9,4.2,1422-02212,Breast
,8,-92,10.2,11.4,39.2,3.6,1422-02212,Nape
,9,-103,6.6,5.5,20.5,3.7,1422-02213,Secondary
,10,-100,6.9,5.8,21.8,3.8,1422-02213,Rectrix
,11,-21,13.1,5.8,23.8,4.2,1422-02213,Breast
,12,-18,13.6,5.8,22.3,3.9,1422-02213,Nape
,13,-100,9.3,5.7,21.5,3.8,1422-02214,Secondary
,14,-75,11.3,4.4,16.9,4.0,1422-02214,Rectrix
,15,-54,11.0,5.5,22.1,4.0,1422-02214,Breast
,16,-52,11.7,11.6,44.9,3.9,1422-02214,Nape
,17,-118,6.8,5.7,21.4,3.7,1422-02215,Secondary
,18,-111,12.6,4.9,18.7,3.9,1422-02215,Rectrix
,19,-53,12.1,5.7,23.3,4.1,1422-02215,Breast
,20,-58,11.0,5.4,22.0,4.1,1422-02215,Nape
,21,-103,14.4,5.9,22.0,3.7,1422-02216,Secondary
,22,-105,11.5,5.5,21.2,3.8,1422-02216,Rectrix 1
,23,-54,11.8,5.3,22.0,4.1,1422-02216,Nape
,24,-90,11.2,5.9,22.1,3.7,1422-02217,Secondary
,25,-110,11.5,5.9,21.8,3.7,1422-02217,Rectrix
,26,-60,10.5,5.5,23.0,4.2,1422-02217,Breast
,27,-57,10.1,5.3,21.9,4.1,1422-02217,Nape
,28,-93,9.8,5.6,21.4,3.8,1422-02218,Secondary
,29,-58,10.7,4.9,21.9,4.5,1422-02218,Rectrix
,30,-70,10.0,5.6,23.1,4.2,1422-02218,Breast
,31,-67,10.9,5.5,22.5,4.1,1422-02218,Nape
,32,-114,7.4,5.6,21.6,3.9,1422-02219,Secondary
,33,-112,8.0,5.8,21.8,3.8,1422-02219,Rectrix
,34,-118,12.5,5.8,20.3,3.5,1422-02219,Breast 1
,35,-51,10.9,5.5,23.8,4.3,1422-02219,Nape
,36,-111,8.2,5.7,21.5,3.7,1422-02220,Secondary
,37,-130,9.5,3.1,19.2,8.5,1422-02220,Rectrix
,38,-107,10.4,5.7,21.0,3.7,1422-02221,Secondary
Quality Assurance,,,,,,,,
,Sample ID,d2HVSMOW (‰),d18OVSMOW (‰),Wt% H,Wt% O,%O:%H ratio,,
DS,DS,-175.4,6.0,6.2,22.6,3.6,,
d2HVSMOW = -172.7‰,DS,-172.7,5.8,6.0,22.1,3.7,,
d18OVSMOW = +6.02‰,DS,-172.3,6.2,5.9,22.5,3.8,,
,DS,-171.4,5.8,5.9,22.4,3.8,,
,DS,-171.8,5.8,5.8,22.2,3.8,,
,DS,-171.5,6.5,5.8,21.9,3.8,,
average,,-173,6.0,5.9,22.3,,,
standard uncertainty,,1.5,0.3,0.2,0.2,,,
,Sample ID,d2HVSMOW (‰),d18OVSMOW (‰),Wt% H,Wt% O,%O:%H ratio,,
ORX,ORX,-34.5,25.1,5.8,22.5,3.9,,
d2HVSMOW = -34.0‰,ORX,-33.6,25.0,5.8,22.1,3.8,,
d18OVSMOW = +25.09‰,ORX,-32.8,25.4,5.8,22.4,3.8,,
,ORX,-35.1,25.3,5.8,22.3,3.9,,
,ORX,-33.7,24.9,5.7,22.4,4.0,,
,ORX,-34.6,24.8,5.6,22.3,4.0,,
average,,-34.0,25.1,5.8,22.3,,,
standard uncertainty,,0.8,0.2,0.1,0.1,,,
Quality Control,,,,,,,,
,Sample ID,2H/1HVSMOW,18O/16OVSMOW,Wt% H,Wt% O,O:H ratio,,
POW,POW,-101.7,12.3,5.9,21.7,3.7,,
d2HVSMOW = -100.9‰,POW,-102.1,12.4,5.9,21.8,3.7,,
d18OVSMOW = +12.34‰,POW,-100.7,12.8,5.9,21.9,3.7,,
,POW,-101.8,12.4,6.0,22.7,3.8,,
,POW,-102.1,12.4,5.8,21.7,3.8,,
,POW,-103.0,12.5,6.0,21.8,3.6,,
average,,-101.9,12.5,5.9,21.9,,,
standard uncertainty,,0.8,0.2,0.1,0.4,,,
acceptable range,d2HVSMOW,-102.9,,,,,,
1 sigma = 2.0,,-98.9,,,,,,
acceptable range,d18OVSMOW,,12.1,,,,,
1 sigma = 0.20,,,12.5,,,,,
,,,,,,,,
SIRFER TCEA-IRMS-HO,,,,,,,,
Job #24- 215.2,,,Analyst:,,Suvankar Chakraborty,,,
Primary reference 1 (PLRM-1):  ,,DS,Primary reference 2 (PLRM-2): ,,ORX,,,
Secondary reference (SLRM): ,,POW,Wt% standard:,,,,,
Date loaded:,,,Date analyzed:,,6/16/2024,,,
SIRFER #,Original ID,d2HVSMOW (‰),d18OVSMOW (‰),Wt% H,Wt% O,%O:%H ratio,ID on envelope,Other sample notes
,39,-100,14.2,5.8,22.2,3.8,1422-02221,Rectrix
,40,-62,13.3,4.9,19.8,4.1,1422-02221,Nape
,60,-10,15.7,5.4,23.0,4.2,1422-02251,Wing covert 1
,41,-105,8.0,5.4,20.9,3.9,1422-02251,Wing covert 2
,42,-104,7.8,5.6,22.4,4.0,1422-02251,Rectrice
,43,-79,9.7,5.0,22.5,4.5,1272-31742,Wing covert
,44,-160,0.8,5.6,21.5,3.8,1272-31742,Rectrice 1
,45,-25,14.5,5.2,21.4,4.1,1272-31742,Rectrice 2
,46,-32,15.4,5.5,21.1,3.8,1272-31742,Breast 1
,47,-20,13.9,5.0,22.0,4.4,1272-31742,Breast 2
,48,-22,13.9,4.7,20.9,4.5,1272-31742,Body
,49,-15,14.8,5.0,21.1,4.2,1272-31742,Nape
,50,-24,15.5,4.6,18.9,4.1,YERA-M-UB-1,
,51,-121,6.7,5.7,21.5,3.7,YERA-UB-2,
,52,-143,1.6,5.5,20.9,3.8,YERA-UB-2,body feathers
,53,-56,12.2,5.2,23.1,4.4,2301-08541,BLRA (x2)
,54,-19,13.2,5.3,20.9,3.9,YERA-UB-3,
,55,-112,7.7,5.5,20.6,3.7,YERA-F-SY-UB-4,
,56,-114,7.0,5.4,20.4,3.7,YERA-F-SY-UB-4,Body feathers
,57,-56,10.9,5.0,22.2,4.5,2301-08539,BLRA x2
,58,-33,17.4,5.3,21.5,4.1,2301-08539,BLRA Body feathers
,59,-46,13.4,5.4,21.4,4.0,2301-08598,BLRA Other feathers
,61,-11,13.5,5.5,21.4,3.9,2301-08599,BLRA
,62,5,13.5,5.4,22.1,4.1,2301-08596,BLRA
,63,-3,15.6,5.6,22.3,4.0,1342-12909,BLRA Sargent
,64,-166,2.1,5.6,22.5,4.0,1342-12910,YERA Body feather
,65,-155,2.9,5.8,21.9,3.8,1342-12910,YERA
,66,-1,16.4,5.7,22.6,4.0,1342-12911,BLRA Sargent
,67,-25,16.7,5.6,22.3,4.0,1342-12914,BLRA Sargent
,68,-14,15.3,5.8,22.9,3.9,2331-59069,BLRA St Marks NWR 5  Jan 2022
,69,-13,13.2,5.5,22.5,4.1,2331-59070,BLRA San Bernard NWR 11 Feb 2022
,70,-5,13.6,5.2,21.0,4.0,2331-59071,BLRA San Bernard NWR 11 Feb 2022
,71,-20,15.0,5.7,22.2,3.9,1342-12916,Black Rail San Bernard
,72,-18,16.0,5.8,22.2,3.8,1342-12917,Black Rail San Bernard
,73,-33,13.6,5.7,22.3,3.9,2331-59064,Black Rail Sargent
,74,-24,13.0,4.8,19.3,4.0,233-59065,Black Rail Sargent
,75,-29,15.4,5.3,21.9,4.2,1372-16801,Black Rail South Carolina
Quality Assurance,,,,,,,,
,Sample ID,d2HVSMOW (‰),d18OVSMOW (‰),Wt% H,Wt% O,%O:%H ratio,,
DS,DS,-170.3,6.4,5.9,22.4,3.8,,
d2HVSMOW = -172.7‰,DS,-173.3,6.0,5.9,22.4,3.8,,
d18OVSMOW = +6.02‰,DS,-172.4,5.9,5.9,22.7,3.8,,
,DS,-173.6,6.1,5.9,22.6,3.8,,
,DS,-170.9,5.9,5.9,22.3,3.8,,
,DS,-173.9,5.9,6.0,22.6,3.8,,
average,,-172,6.0,5.9,22.5,,,
standard uncertainty,,1.5,0.2,0.0,0.2,,,
,Sample ID,d2HVSMOW (‰),d18OVSMOW (‰),Wt% H,Wt% O,%O:%H ratio,,
ORX,ORX,-34.0,24.5,5.8,22.0,3.8,,
d2HVSMOW = -34.0‰,ORX,-34.0,24.7,5.7,22.0,3.9,,
d18OVSMOW = +25.09‰,ORX,-34.1,25.3,5.7,21.8,3.8,,
,ORX,-32.5,25.1,5.8,22.4,3.8,,
,ORX,-35.2,25.3,5.7,21.9,3.9,,
,ORX,-34.2,25.1,5.7,21.9,3.9,,
average,,-34.0,25.0,5.7,22.0,,,
standard uncertainty,,0.9,0.3,0.1,0.2,,,
Quality Control,,,,,,,,
,Sample ID,2H/1HVSMOW,18O/16OVSMOW,Wt% H,Wt% O,O:H ratio,,
POW,POW,-99.0,12.6,5.9,22.0,3.7,,
d2HVSMOW = -100.9‰,POW,-98.4,12.6,5.9,21.9,3.7,,
d18OVSMOW = +12.34‰,POW,-101.3,12.6,5.9,22.0,3.7,,
,POW,-101.3,12.1,5.9,22.1,3.8,,
,POW,-99.9,12.7,5.9,22.0,3.7,,
,POW,-99.9,12.3,6.0,22.3,3.7,,
average,,-100.0,12.5,5.9,22.1,,,
standard uncertainty,,1.2,0.2,0.0,0.1,,,
acceptable range,d2HVSMOW,-102.9,,,,,,
1 sigma = 2.0,,-98.9,,,,,,
acceptable range,d18OVSMOW,,12.1,,,,,
1 sigma = 0.20,,,12.5,,,,,
,,,,,,,,
SIRFER TCEA-IRMS-HO,,,,,,,,
Job #24- 215.3,,,Analyst:,,Suvankar Chakraborty,,,
Primary reference 1 (PLRM-1):  ,,DS,Primary reference 2 (PLRM-2): ,,ORX,,,
Secondary reference (SLRM): ,,POW,Wt% standard:,,,,,
Date loaded:,,,Date analyzed:,,6/20/2024,,,
SIRFER #,Original ID,d2HVSMOW (‰),d18OVSMOW (‰),Wt% H,Wt% O,%O:%H ratio,ID on envelope,Other sample notes
,76,-40,13.5,5.6,22.7,4.1,1412-19601,Black Rail South Carolina
,77,-29,14.1,5.5,22.5,4.1,1412-19602,Black Rail South Carolina
,78,-43,12.2,5.7,22.7,4.0,2701-17001,Black Rail South Carolina
,79,-16,16.3,5.4,21.3,3.9,2331-59052,Black Rail Sargent
,80,-28,15.7,5.7,22.4,3.9,2331-59051,Black Rail Sargent
,81,-42,15.9,5.5,21.3,3.9,2331-59053,Black Rail Sargent
,82,-43,13.8,5.7,22.0,3.8,2381-59050,Black Rail Sargent
,83,-35,13.4,5.4,21.8,4.0,2331-59054,Black Rail Sargent
,84,-36,15.6,5.5,21.9,4.0,BLRA #1,Bolivar Flats
,85,-41,14.9,5.4,21.1,3.9,BLRA #2,Bolivar Flats
,86,-43,15.1,5.6,21.8,3.9,1191-74623,BLRA female FL
,87,-38,14.5,5.8,22.2,3.8,1191-74622,Black Rail FL
,88,-29,14.7,5.8,22.3,3.8,1991-74621,Black Rail FL
,89,-30,11.9,5.7,22.1,3.9,1991-74620,BLRA FL
,90,-12,15.3,5.6,21.6,3.8,2331-159069,BLRA FL Recapture
,91,-113,6.9,5.7,21.7,3.8,1342-57910,Yellow Rail FL
,92,-93,7.5,5.8,21.9,3.8,1342-57911,Yellow Rail FL
,93,-106,7.4,5.8,21.7,3.8,1342-57916,Yellow Rail FL
,94,-124,6.1,5.7,22.1,3.9,1342-57915,Yellow Rail FL
,95,-110,6.7,5.7,21.6,3.8,1342-57909,Yellow Rail Florida
,96,-122,7.2,5.6,20.9,3.7,1342-57913,Yellow Rail FL
,97,-163,0.4,5.7,21.6,3.8,1342-57905,Yellow Rail FL
,98,-112,7.0,5.6,20.8,3.7,1342-57908,Yellow Rail Florida
,99,-118,6.1,5.5,20.8,3.8,1342-57914,Yellow Rail Florida
,100,-108,6.8,5.6,21.3,3.8,1342-57912,Yellow Rail Florida
,101,-153,4.4,6.5,25.9,4.0,San Deigo YERA - Feather #1,Feather #1 - Rectrices
,102,-156,4.5,5.6,20.7,3.7,San Diego YERA - Feather #2,Feather #2 - s5
,103,-152,4.0,5.1,21.7,4.2,San Diego YERA - Feathers #3-5,Flank
,104,-148,2.3,5.6,21.3,3.8,1422-07512,Yellow Rail
,105,-87,8.0,5.6,21.2,3.8,1422-07518,Yellow Rail
,106,-147,3.7,5.3,20.0,3.8,1422-07514,Yellow Rail
,107,-146,1.2,5.4,21.0,3.9,1422-07515,Yellow Rail
,108,-59,10.4,5.2,19.8,3.8,1422-07513,Yellow Rail
,109,-137,3.3,5.4,20.2,3.8,1422-07516,Yellow Rail
,110,-145,4.8,5.3,20.0,3.8,1422-08063,Yellow Rail
,111,-123,5.4,5.6,21.6,3.9,1422-07517,Yellow Rail
Quality Assurance,,,,,,,,
,Sample ID,d2HVSMOW (‰),d18OVSMOW (‰),Wt% H,Wt% O,%O:%H ratio,,
DS,DS,-174.0,6.1,6.0,22.4,3.7,,
d2HVSMOW = -172.7‰,DS,-171.5,6.0,5.8,22.1,3.8,,
d18OVSMOW = +6.02‰,DS,-170.9,6.4,5.9,22.2,3.8,,
,DS,-171.7,5.7,5.9,21.8,3.7,,
,DS,-170.7,5.9,5.8,22.0,3.8,,
,DS,-173.1,6.0,5.9,21.6,3.7,,
average,,-172,6.0,5.9,22.0,,,
standard uncertainty,,1.3,0.2,0.1,0.3,,,
,Sample ID,d2HVSMOW (‰),d18OVSMOW (‰),Wt% H,Wt% O,%O:%H ratio,,
ORX,ORX,-33.7,25.1,5.7,22.1,3.9,,
d2HVSMOW = -34.0‰,ORX,-31.5,24.9,5.7,22.0,3.8,,
d18OVSMOW = +25.09‰,ORX,-35.0,24.9,5.7,22.1,3.9,,
,ORX,-35.4,25.4,5.7,21.9,3.8,,
,ORX,-34.4,25.0,6.3,21.9,3.5,,
,ORX,-34.2,25.1,5.7,22.2,3.9,,
average,,-34.0,25.1,5.8,22.0,,,
standard uncertainty,,1.4,0.2,0.2,0.1,,,
Quality Control,,,,,,,,
,Sample ID,2H/1HVSMOW,18O/16OVSMOW,Wt% H,Wt% O,O:H ratio,,
POW,POW,-101.4,12.5,5.9,21.8,3.7,,
d2HVSMOW = -100.9‰,POW,-101.3,12.6,5.9,21.5,3.7,,
d18OVSMOW = +12.34‰,POW,-97.6,12.4,5.9,21.4,3.6,,
,POW,-99.9,12.1,5.9,21.4,3.6,,
,POW,-98.5,12.4,5.9,21.9,3.7,,
,POW,-98.0,12.5,5.8,21.5,3.7,,
average,,-99.4,12.4,5.9,21.6,,,
standard uncertainty,,1.7,0.2,0.0,0.2,,,
acceptable range,d2HVSMOW,-102.9,,,,,,
1 sigma = 2.0,,-98.9,,,,,,
acceptable range,d18OVSMOW,,12.1,,,,,
1 sigma = 0.20,,,12.5,,,,,
,,,,,,,,
SIRFER TCEA-IRMS-HO,,,,,,,,
Job #24- 215.4,,,Analyst:,,Suvankar Chakraborty,,,
Primary reference 1 (PLRM-1):  ,,DS,Primary reference 2 (PLRM-2): ,,ORX,,,
Secondary reference (SLRM): ,,POW,Wt% standard:,,,,,
Date loaded:,,,Date analyzed:,,6/26/2024,,,
SIRFER #,Original ID,d2HVSMOW (‰),d18OVSMOW (‰),Wt% H,Wt% O,%O:%H ratio,ID on envelope,Other sample notes
,112,-20,15.1,5.5,22.0,4.0,2921-17553,Black Rail
,113,-16,15.2,5.4,20.8,3.9,2921-17552,Black Rail
,114,-3,16.1,5.5,21.9,4.0,2921-17551,Black Rail
,115,-23,16.4,5.5,22.0,4.0,2721-17550,Black Rail
,116,6,13.2,5.5,21.5,3.9,2561-46893,Black Rail
,117,-40,16.1,5.6,22.3,4.0,1991-74700,Black Rail
,118,-30,12.1,5.5,21.9,4.0,1991-74699,Black Rail
,119,-110,8.0,5.8,22.2,3.8,1342-57922,Yellow Rail
,120,-97,7.9,6.8,22.2,3.3,1342-57904,Yellow Rail
,121,-99,6.8,6.0,22.6,3.8,1342-57925,Yellow Rail
,122,-116,5.5,5.7,22.3,3.9,1342-57921,Yellow Rail
,123,-102,8.3,5.9,22.3,3.8,1342-57918,Yellow Rail
,124,-116,5.8,5.6,21.5,3.9,1342-57928,Yellow Rail
,125,-117,6.8,5.7,21.9,3.9,1342-57926,Yellow Rail
,126,-85,9.8,5.5,21.6,3.9,1342-57924,Yellow Rail
,127,-153,2.0,5.5,20.9,3.8,1342-57920,Yellow Rail
,128,-167,3.1,5.6,21.7,3.8,1422-07506,Yellow Rail
,129,-152,2.3,5.6,21.3,3.8,1422-07510,Yellow Rail
,130,-122,7.5,5.7,21.6,3.8,1422-07501,Yellow Rail
,131,-123,5.3,5.6,20.9,3.8,1422-17507,Yellow Rail
,132,-123,6.7,5.7,21.1,3.7,1422-07508,Yellow Rail
,133,-112,6.6,5.6,21.1,3.8,1422-07509,Yellow Rail
,134,-109,7.8,5.4,20.5,3.8,1422-07511,Yellow Rail
Quality Assurance,,,,,,,,
,Sample ID,d2HVSMOW (‰),d18OVSMOW (‰),Wt% H,Wt% O,%O:%H ratio,,
DS,DS,-172.8,6.0,6.0,22.4,3.7,,
d2HVSMOW = -172.7‰,DS,-173.7,5.7,5.9,22.4,3.8,,
d18OVSMOW = +6.02‰,DS,-173.8,6.1,5.7,21.5,3.7,,
,DS,-170.6,5.8,5.8,21.9,3.8,,
,DS,-172.6,6.4,5.9,22.3,3.8,,
,DS,-173.0,6.1,5.8,21.7,3.7,,
average,,-173,6.0,5.9,22.0,,,
standard uncertainty,,1.2,0.2,0.1,0.4,,,
,Sample ID,d2HVSMOW (‰),d18OVSMOW (‰),Wt% H,Wt% O,%O:%H ratio,,
ORX,ORX,-32.6,24.9,5.6,21.4,3.8,,
d2HVSMOW = -34.0‰,ORX,-34.5,25.0,5.7,21.7,3.8,,
d18OVSMOW = +25.09‰,ORX,-33.8,25.1,5.9,22.6,3.8,,
,ORX,-33.0,24.9,5.8,22.4,3.9,,
,ORX,-34.5,25.1,5.8,22.0,3.8,,
,ORX,-35.8,25.3,5.7,21.9,3.8,,
average,,-34.0,25.1,5.7,22.0,,,
standard uncertainty,,1.2,0.1,0.1,0.4,,,
Quality Control,,,,,,,,
,Sample ID,2H/1HVSMOW,18O/16OVSMOW,Wt% H,Wt% O,O:H ratio,,
POW,POW,-99.6,12.4,6.1,22.8,3.7,,
d2HVSMOW = -100.9‰,POW,-99.8,12.6,6.0,22.5,3.7,,
d18OVSMOW = +12.34‰,POW,-99.2,12.5,6.0,22.1,3.7,,
,POW,-100.1,12.5,5.9,21.9,3.7,,
,POW,-98.8,12.6,6.0,22.1,3.7,,
average,,-99.5,12.5,6.0,22.3,,,
standard uncertainty,,0.5,0.1,0.1,0.4,,,
acceptable range,d2HVSMOW,-102.9,,,,,,
1 sigma = 2.0,,-98.9,,,,,,
acceptable range,d18OVSMOW,,12.1,,,,,
1 sigma = 0.20,,,12.5,,,,,
