SIBS ID,Sample ID,FEATHER TYPE,d15N (permil),N%,d13C (permil),C%,Notes:,,,,,,,,
SIBS_22_02238,1422-02216 Breast 1,B,8.31,13.88,-24.61,44.34,,,,,,,,,
SIBS_22_02239,1422-02216 Breast 2,B,8.24,13.98,-24.67,44.76,,,,,,,,,
SIBS_22_02252,1422-02219 Breast 2,B,11.95,14.23,-23.81,44.76,,,,,,,,,
SIBS_22_02253,1422-02219 Breast 3,B,11.26,13.89,-23.62,44.29,,,,,,,,,
SIBS_22_02255,1422-02220 Breast 1,B,14.93,13.76,-22.73,44.16,,,,,,,,,
SIBS_22_02256,1422-02220 Breast 2,B,15.28,14.33,-22.25,44.93,,,,,,,,,
SIBS_22_02263,1422-02221 Breast,B,8.50,13.93,-25.73,44.58,,,,,,,,,
SIBS_22_02264,1422-02221 Breast partial,B,9.18,13.93,-25.27,44.26,,,,,,,,,
SIBS_22_02269,1422-02251 Breast 1,B,15.33,14.01,-21.88,44.27,,,,,,,,,
SIBS_22_02270,1422-02251 Breast 2,B,15.83,13.25,-22.51,42.80,,,,,,,,,
SIBS_22_02278,1272-31742 Breast 3,B,11.53,14.24,-18.29,44.76,,,,,,,,,
SIBS_22_02279,1272-31742 Breast 4,B,11.57,14.16,-18.60,44.75,,,,,,,,,
SIBS_22_02257,1422-02220 Nape 1,N,8.13,13.14,-24.48,42.70,,,,,,,,,
SIBS_22_02258,1422-02220 Nape 2,N,14.92,13.35,-22.55,42.85,,,,,,,,,
SIBS_22_02271,1422-02251 Nape,N,14.89,14.38,-22.24,45.54,,,,,,,,,
SIBS_22_02237,1422-02216 Rectrix 2,R,7.05,13.58,-24.51,43.88,,,,,,,,,
SIBS_22_02275,1272-31742 Rectrice 3,R,11.45,13.48,-19.12,43.94,,,,,,,,,
,,,,,,,,,,,,,,,
,,,,,,,,,,,,,,,
,,,,,,,,,,,,,,,
,,,,,,,,,,,,,,,
,,,,,,,,,,,,,,,
,,,,,,,,,,,,,,,
,,,,,,,,,,,,,,,
,,,,,,,,,,,,,,,
,,,,,,,,,,,,,,,
,,,,,,,,,,,,,,,
,,,,,,,,,,,,,,,
,,,,,,,,,,,,,,,
,,,,,,,,,,,,,,,
,,,,,,,,,,,,,,,
,,,,,,,,,,,,,,,
,,,,,,,,,,,,,,,
,,,,,,,,,,,,,,,
,,,,,,,,,,,,,,,
,,,,,,,,,,,,,,,
,,,,,,,,,,,,,,,
,,,,,,,,,,,,,,,
,,,,,,,,,,,,,,,
,,,,,,,,,,,,,,,
,,,,,,,,,,,,,,,
,,,,,,,,,,,,,,,
,,,,,,,,,,,,,,,
,,,,,,,,,,,,,,,
,,,,,,,,,,,,,,,
,,,,,,,,,,,,,,,
,,,,,,,,,,,,,,,
,,,,,,,,,,,,,,,
,,,,,,,,,,,,,,,
,,,,,,,,,,,,,,,
,,,,,,,,,,,,,,,
,,,,,,,,,,,,,,,
,,,,,,,,,,,,,,,
,,,,,,,,,,,,,,,
,,,,,,,,,,,,,,,
,,,,,,,,,,,,,,,
,,,,,,,,,,,,,,,
,,,,,,,,,,,,,,,
,,,,,,,,,,,,,,,
,,,,,,,,,,,,,,,
,,,,,,,,,,,,,,,
,,,,,,,,,,,,,,,
,,,,,,,,,,,,,,,
,,,,,,,,,,,,,,,
,,,,,,,,,,,,,,,
,,,,,,,,,,,,,,,
,,,,,,,,,,,,,,,
,,,,,,,,,,,,,,,
,,,,,,,,,,,,,,,
,,,,,,,,,,,,,,,
,,,,,,,,,,,,,,,
,,,,,,,,,,,,,,,
,,,,,,,,,,,,,,,
,,,,,,,,,,,,,,,
,,,,,,,,,,,,,,,
,,,,,,,,,,,,,,,
,,,,,,,,,,,,,,,
,,,,,,,,,,,,,,,
,,,,,,,,,,,,,,,
,,,,,,,,,,,,,,,
,,,,,,,,,,,,,,,
,,,,,,,,,,,,,,,
,,,,,,,,,,,,,,,
,,,,,,,,,,,,,,,
,,,,,,,,,,,,,,,
,,,,,,,,,,,,,,,
,,,,,,,,,,,,,,,
,,,,,,,,,,,,,,,
,,,,,,,,,,,,,,,
,,,,,,,,,,,,,,,
,,,,,,,,,,,,,,,
,,,,,,,,,,,,,,,
,,,,,,,,,,,,,,,
,,,,,,,,,,,,,,,
,,,,,,,,,,,,,,,
,,,,,,,,,,,,,,,
,,,,,,,,,,,,,,,
,,,,,,,,,,,,,,,
,,,,,,,,,,,,,,,
,,,,,,,,,,,,,,,
,,,,,,,,,,,,,,,
,,,,,,,,,,,,,,,
,,,,,,,,,,,,,,,
,,,,,,,,,,,,,,,
,,,,,,,,,,,,,,,
,,,,,,,,,,,,,,,
,,,,,,,,,,,,,,,
,,,,,,,,,,,,,,,
,,,,,,,,,,,,,,,
,,,,,,,,,,,,,,,
,,,,,,,,,,,,,,,
,,,,,,,,,,,,,,,
,,,,,,,,,,,,,,,
,,,,,,,,,,,,,,,
,,,,,,,,,,,,,,,
,,,,,,,,,,,,,,,
,,,,,,,,,,,,,,,
,,,,,,,,,,,,,,,
,,,,,,,,,,,,,,,
,,,,,,,,,,,,,,,
,,,,,,,,,,,,,,,
,,,,,,,,,,,,,,,
,,,,,,,,,,,,,,,
,,,,,,,,,,,,,,,
,,,,,,,,,,,,,,,
,,,,,,,,,,,,,,,
,,,,,,,,,,,,,,,
,,,,,,,,,,,,,,,
,,,,,,,,,,,,,,,
,,,,,,,,,,,,,,,
,,,,,,,,,,,,,,,
,,,,,,,,,,,,,,,
,,,,,,,,,,,,,,,
,,,,,,,,,,,,,,,
,,,,,,,,,,,,,,,
,,,,,,,,,,,,,,,
,,,,,,,,,,,,,,,
,,,,,,,,,,,,,,,
,,,,,,,,,,,,,,,
,,,,,,,,,,,,,,,
,,,,,,,,,,,,,,,
,,,,,,,,,,,,,,,
,,,,,,,,,,,,,,,
,,,,,,,,,,,,,,,
,,,,,,,,,,,,,,,
,,,,,,,,,,,,,,,
,,,,,,,,,,,,,,,
,,,,,,,,,,,,,,,
,,,,,,,,,,,,,,,
,,,,,,,,,,,,,,,
,,,,,,,,,,,,,,,
,,,,,,,,,,,,,,,
,,,,,,,,,,,,,,,
,,,,,,,,,,,,,,,
,,,,,,,,,,,,,,,
,,,,,,,,,,,,,,,
,,,,,,,,,,,,,,,
,,,,,,,,,,,,,,,
,,,,,,,,,,,,,,,
,,,,,,,,,,,,,,,
,,,,,,,,,,,,,,,
,,,,,,,,,,,,,,,
,,,,,,,,,,,,,,,
,,,,,,,,,,,,,,,
,,,,,,,,,,,,,,,
,,,,,,,,,,,,,,,
,,,,,,,,,,,,,,,
,,,,,,,,,,,,,,,
,,,,,,,,,,,,,,,
,,,,,,,,,,,,,,,
,,,,,,,,,,,,,,,
,,,,,,,,,,,,,,,
,,,,,,,,,,,,,,,
,,,,,,,,,,,,,,,
,,,,,,,,,,,,,,,
,,,,,,,,,,,,,,,
,,,,,,,,,,,,,,,
,,,,,,,,,,,,,,,
,,,,,,,,,,,,,,,
,,,,,,,,,,,,,,,
,,,,,,,,,,,,,,,
,,,,,,,,,,,,,,,
,,,,,,,,,,,,,,,
,,,,,,,,,,,,,,,
,,,,,,,,,,,,,,,
,,,,,,,,,,,,,,,
,,,,,,,,,,,,,,,
,,,,,,,,,,,,,,,
,,,,,,,,,,,,,,,
,,,,,,,,,,,,,,,
,,,,,,,,,,,,,,,
,,,,,,,,,,,,,,,
,,,,,,,,,,,,,,,
,,,,,,,,,,,,,,,
,,,,,,,,,,,,,,,
,,,,,,,,,,,,,,,
,,,,,,,,,,,,,,,
,,,,,,,,,,,,,,,
,,,,,,,,,,,,,,,
,,,,,,,,,,,,,,,
,,,,,,,,,,,,,,,
,,,,,,,,,,,,,,,
,,,,,,,,,,,,,,,
,,,,,,,,,,,,,,,
,,,,,,,,,,,,,,,
,,,,,,,,,,,,,,,
,,,,,,,,,,,,,,,
,,,,,,,,,,,,,,,
,,,,,,,,,,,,,,,
,,,,,,,,,,,,,,,
,,,,,,,,,,,,,,,
,,,,,,,,,,,,,,,
,,,,,,,,,,,,,,,
,,,,,,,,,,,,,,,
,#REF!,,,,,,,,,,,,,,
,#REF!,,,,,,,,,,,,,,
,#REF!,,,,,,,,,,,,,,
,#REF!,,,,,,,,,,,,,,
,#REF!,,,,,,,,,,,,,,
,#REF!,,,,,,,,,,,,,,
,#REF!,,,,,,,,,,,,,,
,#REF!,,,,,,,,,,,,,,
,#REF!,,,,,,,,,,,,,,
,#REF!,,,,,,,,,,,,,,
,#REF!,,,,,,,,,,,,,,
,#REF!,,,,,,,,,,,,,,
,#REF!,,,,,,,,,,,,,,
,#REF!,,,,,,,,,,,,,,
,#REF!,,,,,,,,,,,,,,
,#REF!,,,,,,,,,,,,,,
,#REF!,,,,,,,,,,,,,,
,#REF!,,,,,,,,,,,,,,
,#REF!,,,,,,,,,,,,,,
,#REF!,,,,,,,,,,,,,,
,#REF!,,,,,,,,,,,,,,
,#REF!,,,,,,,,,,,,,,
,#REF!,,,,,,,,,,,,,,
,#REF!,,,,,,,,,,,,,,
,#REF!,,,,,,,,,,,,,,
,#REF!,,,,,,,,,,,,,,
,#REF!,,,,,,,,,,,,,,
